1,sensor-mac$$$ %-aAt85bOBM,80,81,57,Celius,30,1.447975123509765E9,95353
2,sensor-mac-able9bI4h6kR,36,13,56,Celius,14,1.447975124005187E9,96484
3,sensor-mac-aboutRPHN0rak,30,35,54,Celius,17,1.447975124054221E9,96402
4,sensor-mac-acrossSIdxLScj,35,36,40,Celius,6,1.447975124102157E9,96025
5,sensor-mac-afterEJOOMANT,62,90,91,Celius,23,1.447975124150419E9,95638
6,sensor-mac-allBMOfeOuD,97,76,77,Celius,8,1.447975124197694E9,95478
7,sensor-mac-almostRYxyBNj9,30,95,76,Celius,5,1.447975124246103E9,95499
8,sensor-mac-alsosTDq3ePw,74,95,79,Celius,25,1.447975124291892E9,94857
9,sensor-mac-am8CUlnzss,93,37,29,Celius,24,1.447975124349377E9,96149
10,sensor-mac-amongj68Lqjia,67,32,31,Celius,6,1.447975124399264E9,96531
11,sensor-mac-anKbFxnWkc,77,68,44,Celius,8,1.447975124448621E9,95850
12,sensor-mac-andeKYc1g3v,96,98,87,Celius,23,1.447975124498138E9,95524
13,sensor-mac-anyf4C4ssHP,54,78,14,Celius,33,1.447975124546061E9,96025
14,sensor-mac-arevx9V9q1o,83,64,90,Celius,29,1.447975124596101E9,95470
15,sensor-mac-asZWypbFbU,89,6,70,Celius,16,1.447975124641159E9,96756
16,sensor-mac-atV9GYdopQ,73,73,13,Celius,32,1.447975124685129E9,96846
17,sensor-mac-be8Ab7Mq5a,53,29,54,Celius,25,1.447975124734084E9,95323
18,sensor-mac-becausebs1k83V1,97,8,60,Celius,15,1.447975124783517E9,96577
19,sensor-mac-beenTil0UmrA,62,67,72,Celius,31,1.447975124832391E9,96358
20,sensor-mac-butYnx5AWrQ,29,57,16,Celius,5,1.447975124881703E9,96669
21,sensor-mac-bylxgBF7n1,38,45,63,Celius,0,1.447975124927852E9,96021
22,sensor-mac-canUoJkRnMM,43,59,9,Celius,4,1.447975124974921E9,95555
23,sensor-mac-cannot0EYuGDjy,27,77,71,Celius,2,1.447975125023329E9,94879
24,sensor-mac-could2Fg7SxoU,80,91,24,Celius,4,1.447975125070467E9,97080
25,sensor-mac-dearjsqYbxDb,34,77,49,Celius,34,1.447975125119425E9,96958
26,sensor-mac-didUtFCKdAl,39,53,42,Celius,34,1.44797512516711E9,96280
27,sensor-mac-doJdvz4Tyu,33,88,57,Celius,3,1.447975125214802E9,96626
28,sensor-mac-doesNLWEXJ2B,62,36,95,Celius,1,1.447975125264113E9,96133
29,sensor-mac-eitherC4MEOMRX,37,39,29,Celius,0,1.447975125310112E9,96215
30,sensor-mac-else5QFvzKxF,64,61,97,Celius,0,1.447975125357543E9,96440
31,sensor-mac-everb33IHvgS,55,86,13,Celius,8,1.447975125405035E9,96630
32,sensor-mac-everyPqBdxYa1,45,8,24,Celius,27,1.447975125451374E9,96431
33,sensor-mac-forVH1ucO1F,43,71,99,Celius,11,1.447975125499888E9,95576
34,sensor-mac-fromvIRV1zfZ,88,97,21,Celius,9,1.447975125550109E9,95821
35,sensor-mac-getN5F9BfZR,89,56,99,Celius,13,1.44797512559646E9,94648
36,sensor-mac-gotvrAPj4W6,75,59,72,Celius,24,1.44797512564265E9,94925
37,sensor-mac-hadpHLLObdk,80,52,79,Celius,26,1.447975125690846E9,96929
38,sensor-mac-haswyc0wT6s,80,97,36,Celius,16,1.447975125743579E9,95621
39,sensor-mac-have4ZH4hDlS,76,86,48,Celius,7,1.447975125792005E9,95575
40,sensor-mac-he5nH0sU3E,67,51,94,Celius,9,1.447975125838076E9,94821
41,sensor-mac-her4jVRiHzx,34,72,53,Celius,21,1.44797512588276E9,94551
42,sensor-mac-hers7vnfIsvB,32,38,0,Celius,19,1.447975125931622E9,94913
43,sensor-mac-himRjAJu7VF,64,67,19,Celius,23,1.447975125976852E9,94576
44,sensor-mac-hismJuVcmXl,42,67,21,Celius,33,1.447975126024927E9,95911
45,sensor-mac-howf5KDI4Ov,72,10,14,Celius,16,1.447975126082435E9,96513
46,sensor-mac-howeverPZGHh0VW,58,40,59,Celius,15,1.447975126131838E9,95308
47,sensor-mac-ipN1vG2Q8,88,3,93,Celius,14,1.447975126181016E9,96260
48,sensor-mac-if0bIj6uzJ,27,27,32,Celius,23,1.447975126230617E9,95749
49,sensor-mac-inIwWNvr6T,75,3,25,Celius,14,1.447975126276698E9,94676
50,sensor-mac-intoxj0VFN0j,71,36,98,Celius,11,1.447975126321664E9,95831
51,sensor-mac-is176uwhnn,28,9,47,Celius,30,1.447975126370383E9,96892
52,sensor-mac-itNDX5tozV,65,1,31,Celius,27,1.447975126416315E9,95103
53,sensor-mac-its423TfHAr,33,15,73,Celius,21,1.447975126463165E9,94728
54,sensor-mac-just0ajP0hI9,70,99,66,Celius,10,1.447975126513583E9,96440
55,sensor-mac-leastmBZlqeEu,36,87,19,Celius,9,1.447975126560749E9,95606
56,sensor-mac-letduck0RBw,45,69,39,Celius,16,1.447975126609097E9,94981
57,sensor-mac-likeOdF4wUT5,37,34,82,Celius,11,1.447975126657115E9,95524
58,sensor-mac-likely5bMBA2lv,95,6,27,Celius,17,1.447975126704607E9,94831
59,sensor-mac-mayqHOhEYFe,31,50,63,Celius,17,1.447975126751736E9,96557
60,sensor-mac-meYtfMD4MB,81,75,8,Celius,5,1.447975126800036E9,96396
61,sensor-mac-mightMQuV08Og,42,38,8,Celius,34,1.44797512684914E9,95392
62,sensor-mac-most4C11zh8Q,35,69,85,Celius,22,1.447975126894291E9,96284
63,sensor-mac-must7iFq8AiU,56,19,12,Celius,12,1.447975126938866E9,95996
64,sensor-mac-myYgONXXn4,97,43,49,Celius,4,1.447975126988603E9,95462
65,sensor-mac-neitherUVaXPZ5y,90,53,37,Celius,22,1.447975127038073E9,96520
66,sensor-mac-noryNuKCDe,26,71,56,Celius,24,1.447975127084907E9,95712
67,sensor-mac-norvTccHEFX,68,47,57,Celius,20,1.447975127129886E9,95001
68,sensor-mac-notTI2kvxPm,76,15,27,Celius,2,1.447975127178117E9,95226
69,sensor-mac-ofMSqec6uk,40,76,91,Celius,19,1.447975127220959E9,96843
70,sensor-mac-offbESYZIQM,50,47,72,Celius,23,1.447975127267303E9,96154
71,sensor-mac-oftenMLi41ABi,70,52,1,Celius,8,1.447975127321225E9,96169
72,sensor-mac-onHCsexlDM,53,37,80,Celius,23,1.447975127365975E9,94569
73,sensor-mac-onlyARCvYvtn,32,38,71,Celius,20,1.44797512741415E9,96853
74,sensor-mac-orYvpM5722,97,71,49,Celius,19,1.447975127461417E9,94846
75,sensor-mac-other4sDbF8Bx,36,96,33,Celius,19,1.447975127512246E9,96870
76,sensor-mac-ourxJIV0Wlt,96,55,72,Celius,19,1.447975127556802E9,96678
77,sensor-mac-own6LlSGfX5,29,19,61,Celius,2,1.447975127602473E9,94637
78,sensor-mac-ratherFBvOnJPr,77,34,26,Celius,17,1.447975127651229E9,96792
79,sensor-mac-saidOBdmVLo4,31,35,59,Celius,5,1.447975127700355E9,94958
80,sensor-mac-sayprjTUDQg,40,67,47,Celius,4,1.447975127747543E9,95065
81,sensor-mac-saysY8V6iA44,54,83,72,Celius,14,1.447975127792465E9,94669
82,sensor-mac-sheovoqAflJ,92,84,51,Celius,7,1.447975127836675E9,96998
83,sensor-mac-shouldK3yfMJ4P,80,41,12,Celius,31,1.447975127884414E9,96947
84,sensor-mac-sinceCuYr47kI,38,16,40,Celius,5,1.44797512793471E9,95406
85,sensor-mac-soMuO3bam0,61,83,13,Celius,6,1.44797512798461E9,95024
86,sensor-mac-someKE4Aygbg,56,22,46,Celius,24,1.447975128032291E9,95104
87,sensor-mac-thankLT13MBp,48,38,39,Celius,12,1.447975128081598E9,96136
88,sensor-mac-that76uRarLc,74,34,9,Celius,24,1.44797512836514E9,96658
89,sensor-mac-theRhCiuLS5,82,98,35,Celius,9,1.447975128411659E9,97104
90,sensor-mac-theirhpESyUkw,88,0,12,Celius,10,1.447975128455972E9,95177
91,sensor-mac-themL7PTrdHn,90,62,55,Celius,2,1.447975128500713E9,96001
1,sensor-mac-agFsKhTZN,95,4,29,Celius,28,1.447975128505946E9,97056
92,sensor-mac-thenf67gjLr4,71,14,5,Celius,20,1.447975128554059E9,96487
2,sensor-mac-ableGqTzRBTp,48,80,53,Celius,26,1.447975128557528E9,95962
93,sensor-mac-thereDOJ1N1tZ,54,76,47,Celius,26,1.447975128603082E9,97091
3,sensor-mac-aboutPvNsb49j,33,82,25,Celius,14,1.447975128606168E9,94884
94,sensor-mac-these41FOLdmL,92,77,86,Celius,1,1.447975128654519E9,94602
4,sensor-mac-acrossP2XIWwhK,56,43,25,Celius,20,1.447975128655874E9,96858
95,sensor-mac-they7FVCj5m3,35,29,50,Celius,13,1.447975128701419E9,97012
5,sensor-mac-afternAjWVhzx,72,26,70,Celius,26,1.447975128702821E9,97099
96,sensor-mac-thisc4JWQsmC,57,17,87,Celius,19,1.447975128754422E9,95521
6,sensor-mac-all68zTvSzv,80,12,64,Celius,11,1.447975128755813E9,96289
97,sensor-mac-tisfQOS7mJh,73,95,27,Celius,2,1.447975128805216E9,95620
7,sensor-mac-almostLS5e9vmy,55,53,52,Celius,7,1.447975128805983E9,96387
8,sensor-mac-alsoQ8mUrx1M,30,40,25,Celius,30,1.44797512885348E9,95782
98,sensor-mac-townULOkc4,42,3,60,Celius,8,1.447975128854869E9,94761
9,sensor-mac-amlPJrlxxr,75,14,38,Celius,24,1.447975128905128E9,96220
99,sensor-mac-tooUXpo9Wmg,94,27,92,Celius,0,1.447975128907756E9,94977
10,sensor-mac-amongKqO9FWR4,60,92,10,Celius,22,1.447975128954082E9,96371
100,sensor-mac-twas2rR4oBYL,78,42,55,Celius,7,1.447975128955452E9,95450
101,sensor-mac-usaBwaXihE,42,92,11,Celius,1,1.447975129002911E9,96409
11,sensor-mac-anPYCrFFUz,43,45,92,Celius,32,1.447975129006016E9,96379
102,sensor-mac-wantskGUBvl6D,32,63,80,Celius,33,1.447975129048958E9,95099
12,sensor-mac-andCKUJjm4i,51,85,18,Celius,7,1.44797512905674E9,95306
103,sensor-mac-wasZQ4EPYo8,52,11,41,Celius,31,1.447975129098698E9,96909
13,sensor-mac-anyZb42aVke,41,50,22,Celius,10,1.447975129101807E9,96297
104,sensor-mac-weM5mVu1qk,43,15,80,Celius,1,1.447975129144752E9,96111
105,sensor-mac-were8YW2vHBc,63,99,89,Celius,17,1.44797512919092E9,95947
106,sensor-mac-whatkpVddgci,69,10,56,Celius,30,1.447975129239155E9,95001
107,sensor-mac-whenQXvsNJ3Q,47,35,62,Celius,0,1.447975129294172E9,94830
108,sensor-mac-wheredR2IxHY8,79,20,69,Celius,33,1.447975129341706E9,96684
14,sensor-mac-areMB8A2oVk,48,50,17,Celius,18,1.447975129388643E9,94655
109,sensor-mac-whichxPk8s266,41,39,37,Celius,12,1.447975129390029E9,96351
110,sensor-mac-whiley4QEy8DC,87,16,75,Celius,5,1.44797512943893E9,94574
15,sensor-mac-asrRRfpCG7,35,64,47,Celius,32,1.447975129441846E9,96655
111,sensor-mac-whoWEulRPf6,41,24,21,Celius,15,1.44797512948986E9,96838
16,sensor-mac-at60KD9oWc,54,97,9,Celius,33,1.447975129491283E9,96030
112,sensor-mac-whom0hAMNhmR,78,28,75,Celius,4,1.447975129541976E9,96092
17,sensor-mac-belc59Klac,89,75,25,Celius,22,1.447975129543358E9,96733
113,sensor-mac-why3vNOurXn,97,37,61,Celius,3,1.447975129593531E9,95547
18,sensor-mac-becaused7Up4m4W,35,83,68,Celius,8,1.447975129595018E9,94891
19,sensor-mac-beenkd1ViMuJ,56,15,33,Celius,27,1.447975129645077E9,95927
20,sensor-mac-butpjp5wfrk,45,80,51,Celius,5,1.447975129692994E9,96695
21,sensor-mac-bydvDZqGCa,37,33,87,Celius,11,1.447975129738182E9,96212
22,sensor-mac-canpFlA72Jn,67,42,10,Celius,12,1.447975129784571E9,95362
23,sensor-mac-cannotwrPQkOqu,90,44,44,Celius,25,1.447975129831634E9,96992
24,sensor-mac-couldcVCiJnEq,46,9,20,Celius,32,1.447975129880021E9,95878
114,sensor-mac-willhhKc2EiG,89,85,80,Celius,29,1.447975129881373E9,95728
115,sensor-mac-withxqHMCijx,75,37,52,Celius,13,1.447975129931816E9,94771
25,sensor-mac-dearkNnxWTWo,66,9,61,Celius,21,1.447975129933292E9,96239
116,sensor-mac-wouldgdJ5LcE9,49,66,56,Celius,11,1.447975129980646E9,95718
26,sensor-mac-didOWJTHvYw,61,48,66,Celius,31,1.447975129985182E9,96755
117,sensor-mac-yetNB6t9Zmp,48,15,78,Celius,14,1.447975130028844E9,95240
27,sensor-mac-do8rt3k8bp,59,57,67,Celius,5,1.447975130031921E9,96175
118,sensor-mac-youkWSjYQlN,66,55,25,Celius,11,1.447975130078122E9,96113
28,sensor-mac-doesu9rULnKv,55,35,84,Celius,2,1.447975130081147E9,95211
119,sensor-mac-your5Zv2TjDy,78,79,3,Celius,18,1.447975130125573E9,94863
29,sensor-mac-eitherrPpPA3hq,81,92,93,Celius,25,1.447975130128626E9,95930
30,sensor-mac-elseUgvaHHbA,67,13,40,Celius,25,1.447975130175288E9,96582
120,sensor-mac-julesUwK3qcXM,58,35,19,Celius,4,1.447975130175775E9,95913
31,sensor-mac-ever5S7yFchZ,46,40,20,Celius,20,1.447975130225157E9,95480
32,sensor-mac-every9BtYgRix,84,95,71,Celius,32,1.44797513027019E9,96332
33,sensor-mac-forgU6HDdt6,62,33,19,Celius,13,1.447975130319092E9,94542
34,sensor-mac-fromZhq1OzzD,82,19,63,Celius,0,1.447975130363582E9,94897
35,sensor-mac-getSkwd6vlY,29,28,57,Celius,34,1.447975130411645E9,96433
36,sensor-mac-gotdrztW3F9,41,6,75,Celius,22,1.447975130459205E9,95384
37,sensor-mac-hadKcCeQY91,48,76,55,Celius,31,1.447975130508572E9,94580
38,sensor-mac-hasPRSdHMkC,52,74,87,Celius,21,1.447975130558692E9,94770
39,sensor-mac-haveXZfUm1XU,30,84,21,Celius,33,1.447975130610102E9,96499
40,sensor-mac-heKQrs5E1b,80,87,24,Celius,27,1.447975130653986E9,96423
41,sensor-mac-herCUllzwjV,33,16,69,Celius,27,1.447975130701742E9,96645
42,sensor-mac-hersnFSOoqG6,53,72,50,Celius,26,1.447975130747987E9,95324
43,sensor-mac-himUXol7C8g,55,23,1,Celius,11,1.447975130796879E9,96137
44,sensor-mac-hisbfIDoUET,56,33,39,Celius,6,1.447975131087363E9,96516
45,sensor-mac-howEgbdNtvM,78,22,96,Celius,29,1.447975131136842E9,94914
46,sensor-mac-howeverFpdiDyRZ,88,35,54,Celius,23,1.447975131183322E9,96267
47,sensor-mac-i4SbIRGgm,29,78,82,Celius,16,1.447975131231974E9,96326
48,sensor-mac-if6xNWIIO8,64,7,25,Celius,6,1.447975131281406E9,96683
49,sensor-mac-inl0PmMp06,52,66,0,Celius,5,1.447975131329517E9,96339
50,sensor-mac-intoFdQYU1Qj,91,77,20,Celius,6,1.447975131379179E9,94876
51,sensor-mac-isZ42PWtwh,45,24,47,Celius,3,1.447975131428954E9,95256
52,sensor-mac-itWwSLrZLH,41,75,10,Celius,17,1.447975131479392E9,94818
53,sensor-mac-its2bO9Dcgf,68,71,45,Celius,27,1.447975131526756E9,96319
54,sensor-mac-justSwNpV1WL,62,96,3,Celius,22,1.447975131572741E9,95748
55,sensor-mac-leastO3CcqWWO,68,64,40,Celius,19,1.447975131621845E9,94925
56,sensor-mac-letiop6yR7M,74,65,95,Celius,20,1.44797513190311E9,94591
57,sensor-mac-likeqv7KBbji,88,80,72,Celius,19,1.447975131948501E9,95982
58,sensor-mac-likelykKHHuDiK,42,51,24,Celius,13,1.447975131993352E9,96454
59,sensor-mac-mayFHd6ofvV,43,6,87,Celius,27,1.447975132042192E9,94886
60,sensor-mac-meWlczIbug,95,8,22,Celius,23,1.447975132090729E9,95455
61,sensor-mac-mightSM6iqbLa,37,78,19,Celius,10,1.447975132138222E9,96707
62,sensor-mac-mostBwTvkCoC,51,66,43,Celius,14,1.447975132188365E9,95627
63,sensor-mac-mustYZ4kOTi3,68,61,46,Celius,26,1.447975132234085E9,96724
64,sensor-mac-myUVq1Dy7Z,99,38,17,Celius,0,1.447975132287607E9,96639
65,sensor-mac-neitherRBhVjqgZ,85,67,62,Celius,30,1.447975132336165E9,96007
66,sensor-mac-noZlXcCsQm,95,84,61,Celius,29,1.447975132384948E9,95022
67,sensor-mac-norGlX2NyMy,92,20,16,Celius,7,1.447975132432874E9,95945
68,sensor-mac-notEz4eHuAw,76,52,56,Celius,11,1.447975132713903E9,95697
69,sensor-mac-ofXoEVubKR,84,21,45,Celius,28,1.447975132761566E9,94996
70,sensor-mac-off0omVrdYK,50,19,22,Celius,17,1.447975132899363E9,94972
71,sensor-mac-oftenFWHepV6v,52,19,28,Celius,10,1.447975132944267E9,96441
72,sensor-mac-onjA70kevJ,79,83,82,Celius,14,1.447975132986818E9,96625
73,sensor-mac-onlyRAakQceK,89,94,5,Celius,30,1.447975133036973E9,96681
74,sensor-mac-or8QZ7f1Ee,59,32,56,Celius,24,1.447975133081793E9,96288
75,sensor-mac-otherDcjawmqm,63,33,22,Celius,33,1.447975133129149E9,96128
76,sensor-mac-ourzd6X0jqi,57,51,70,Celius,33,1.447975133176772E9,95804
77,sensor-mac-own4tMPgMmF,70,86,75,Celius,0,1.447975133226347E9,97062
78,sensor-mac-ratherhmh1dA1F,62,40,7,Celius,6,1.447975133272234E9,96915
79,sensor-mac-saidd3wCC3Ld,25,77,88,Celius,0,1.447975133319172E9,96716
80,sensor-mac-sayremkDlpC,97,33,7,Celius,5,1.447975133368496E9,96937
81,sensor-mac-saysh8sccXyV,70,92,12,Celius,32,1.447975133413511E9,96584
82,sensor-mac-shelXadVsiv,47,24,74,Celius,3,1.447975133462111E9,95393
83,sensor-mac-should1nlHQGHb,71,76,95,Celius,16,1.447975133512438E9,96964
1,sensor-mac-a5nzT0ADW,70,17,61,Celius,24,1.44797513351636E9,96198
2,sensor-mac-able17f8j4eZ,81,0,4,Celius,3,1.447975133561507E9,96825
84,sensor-mac-sinceQHXdDtp3,79,65,11,Celius,26,1.447975133566412E9,96260
3,sensor-mac-aboutuqRPceNz,95,1,1,Celius,0,1.447975133607403E9,95271
85,sensor-mac-sovLWaYN4A,41,34,42,Celius,9,1.447975133612742E9,96685
4,sensor-mac-acrossKfk9Hllc,39,11,81,Celius,29,1.447975133656598E9,95126
86,sensor-mac-someBYZdWQWo,91,38,83,Celius,30,1.447975133659728E9,96001
5,sensor-mac-after4ViCAKQA,56,21,51,Celius,30,1.447975133704065E9,95895
87,sensor-mac-than0asNL0CM,53,53,54,Celius,22,1.447975133707513E9,96164
6,sensor-mac-allXs5mmNFw,29,68,29,Celius,3,1.447975133754613E9,95524
88,sensor-mac-that089zohQF,52,17,56,Celius,4,1.447975133756002E9,97076
89,sensor-mac-thenFH6JRKw,34,49,49,Celius,32,1.447975133803563E9,97002
7,sensor-mac-almostjsHfhJrS,83,41,97,Celius,0,1.447975133808498E9,95660
90,sensor-mac-their0jJ05cXG,69,32,37,Celius,26,1.447975133851128E9,96749
8,sensor-mac-alsoMFImoVeX,80,38,29,Celius,18,1.447975133854137E9,97015
91,sensor-mac-themwX6QkTAo,39,89,24,Celius,5,1.44797513390079E9,94580
9,sensor-mac-amskqNlyDb,84,49,20,Celius,19,1.447975133902172E9,95439
92,sensor-mac-thenxC3nTjr1,45,20,12,Celius,15,1.447975133952249E9,94797
10,sensor-mac-amongZgp7k2d2,51,10,30,Celius,15,1.447975133953625E9,96401
11,sensor-mac-anDKI9BwcB,31,61,40,Celius,8,1.447975134004912E9,96480
93,sensor-mac-therehzmtXOls,77,19,24,Celius,31,1.447975134006292E9,97017
94,sensor-mac-theseFpbTjSEW,50,99,71,Celius,27,1.447975134057856E9,95697
12,sensor-mac-and4HcHjpEW,46,13,7,Celius,18,1.447975134059238E9,96092
95,sensor-mac-theyNJPuOYsh,77,26,99,Celius,15,1.447975134109631E9,96918
13,sensor-mac-anybyQGYLl6,84,64,80,Celius,3,1.44797513410987E9,95472
14,sensor-mac-areZjAZJUtP,44,62,47,Celius,32,1.447975134156998E9,95656
15,sensor-mac-asEZewxsQb,35,90,67,Celius,1,1.447975134206548E9,94565
97,sensor-mac-tis5Ntmep1j,30,2,74,Celius,31,1.447975134208057E9,96178
16,sensor-mac-atg87uJKPJ,90,82,12,Celius,22,1.447975134256248E9,94920
98,sensor-mac-to9sq4nGGl,63,99,65,Celius,5,1.447975134258588E9,96583
99,sensor-mac-too6CrOEIlC,38,42,38,Celius,7,1.447975134305122E9,94646
17,sensor-mac-begvAHVXIJ,96,71,83,Celius,19,1.447975134305099E9,94592
100,sensor-mac-twasJvzsYbxT,29,87,5,Celius,19,1.447975134354616E9,95295
18,sensor-mac-becauseNyUqF9Hr,81,90,23,Celius,4,1.447975134356066E9,94781
19,sensor-mac-beentgC31hKg,55,15,7,Celius,24,1.447975134404926E9,96697
101,sensor-mac-us6fjc72wH,31,55,29,Celius,2,1.447975134406291E9,96070
102,sensor-mac-wantsQFAyjtA3,29,52,11,Celius,28,1.447975134453728E9,95963
20,sensor-mac-butLipy55MK,94,73,98,Celius,13,1.44797513445677E9,95181
103,sensor-mac-wasEoqekFGu,51,13,44,Celius,21,1.447975134503577E9,96009
21,sensor-mac-by1t7dH0zz,85,7,23,Celius,31,1.447975134507922E9,96287
104,sensor-mac-wemTNgbKwS,47,90,53,Celius,26,1.447975134552382E9,94541
22,sensor-mac-canDdVGCEhH,51,61,99,Celius,33,1.447975134555505E9,95300
105,sensor-mac-wereGoLF4j9C,41,63,87,Celius,1,1.447975134603887E9,95631
23,sensor-mac-cannot4T0KcLcK,52,37,28,Celius,14,1.44797513460528E9,95306
24,sensor-mac-couldoVIXLHt4,98,43,58,Celius,33,1.447975134651588E9,95304
106,sensor-mac-whatH7npoAO3,29,92,92,Celius,3,1.447975134654702E9,96464
25,sensor-mac-deary7hCFYQq,55,68,41,Celius,25,1.447975134703747E9,97037
107,sensor-mac-whenlfdPmRSp,54,78,0,Celius,34,1.447975134705202E9,95574
26,sensor-mac-didLtaO0NSh,51,45,51,Celius,10,1.447975134756894E9,96374
108,sensor-mac-wherecPW0oERd,61,36,87,Celius,4,1.447975134758266E9,95223
109,sensor-mac-whichr08qO5kf,55,90,98,Celius,26,1.447975134808235E9,95808
27,sensor-mac-dohgbdlQlr,31,63,12,Celius,21,1.447975134808089E9,94758
28,sensor-mac-doesa7dL54cy,60,84,6,Celius,17,1.447975134858588E9,97076
110,sensor-mac-whileKS6p17ZD,93,65,77,Celius,6,1.447975134860712E9,95207
29,sensor-mac-eithere6JQEHxz,50,3,70,Celius,28,1.447975134910338E9,96004
111,sensor-mac-wholjHyVbXj,40,28,10,Celius,28,1.447975134911729E9,96322
30,sensor-mac-elseD0nBNt4k,25,31,95,Celius,6,1.44797513496207E9,95777
112,sensor-mac-whom60LzURYT,69,76,63,Celius,7,1.447975134963439E9,96761
31,sensor-mac-ever8QMUEtr3,77,20,66,Celius,0,1.447975135013193E9,96097
113,sensor-mac-why1OgQjAV5,34,10,61,Celius,18,1.447975135014586E9,95316
32,sensor-mac-everyhJOOegbY,26,76,54,Celius,14,1.447975135066417E9,94892
114,sensor-mac-willWpf169FZ,94,92,81,Celius,10,1.447975135067835E9,94829
33,sensor-mac-forGjEgupd9,97,0,28,Celius,9,1.447975135119862E9,94741
115,sensor-mac-with3X40HGHF,41,16,2,Celius,15,1.447975135121232E9,94594
116,sensor-mac-wouldrChYRHCi,83,93,79,Celius,21,1.447975135172212E9,95328
34,sensor-mac-fromc2VGpbZO,93,86,21,Celius,15,1.447975135173613E9,96224
117,sensor-mac-yetK3KC27SO,93,30,88,Celius,9,1.447975135224114E9,96859
118,sensor-mac-youLwslLYBs,89,36,90,Celius,6,1.447975135273941E9,94639
119,sensor-mac-yourGx1oaHt8,76,40,83,Celius,1,1.447975135320642E9,96208
120,sensor-mac-julesq9eTngce,85,88,80,Celius,16,1.447975135369558E9,95405
35,sensor-mac-getfrUXmtPU,68,15,75,Celius,23,1.447975135460261E9,94622
36,sensor-mac-gotYmIRPr8h,34,70,47,Celius,19,1.447975135507059E9,95138
37,sensor-mac-hadRXwacKjd,80,1,31,Celius,9,1.447975135557024E9,95512
38,sensor-mac-hasQOE7FHuV,63,75,13,Celius,21,1.447975135605886E9,95062
39,sensor-mac-haveibIkmbl5,39,20,97,Celius,25,1.447975135657663E9,95188
40,sensor-mac-hexMZfIeAF,27,74,10,Celius,33,1.447975135704701E9,96133
41,sensor-mac-herClzMFOFi,42,96,5,Celius,2,1.447975135753879E9,96800
42,sensor-mac-hersECeYsmbB,67,31,58,Celius,11,1.447975135803031E9,94610
43,sensor-mac-himVNaQafVw,29,41,6,Celius,8,1.447975135852742E9,96627
44,sensor-mac-his3HqFAnwS,71,88,70,Celius,34,1.447975135902128E9,94925
45,sensor-mac-howyZx7VUPB,40,1,69,Celius,30,1.447975135947471E9,94586
46,sensor-mac-howeverYssyaoJl,38,60,84,Celius,17,1.447975135998175E9,94724
47,sensor-mac-iSX4VHKNM,90,76,35,Celius,23,1.447975136047907E9,97099
48,sensor-mac-ifGNMexLDz,86,95,18,Celius,9,1.447975136097347E9,96168
49,sensor-mac-inMC39YDz8,77,46,19,Celius,23,1.447975136143827E9,96741
50,sensor-mac-intocxyuTkmr,76,33,97,Celius,2,1.447975136192976E9,96030
51,sensor-mac-ispv9A7GQ2,95,98,62,Celius,13,1.447975136243771E9,95442
52,sensor-mac-itPi1KDJpR,64,66,58,Celius,10,1.447975136294015E9,96229
53,sensor-mac-itsKPLYx01r,46,53,1,Celius,21,1.447975136344158E9,96962
54,sensor-mac-justAvEhAcgE,36,16,70,Celius,28,1.447975136392452E9,96507
55,sensor-mac-leastUY5wpeKu,88,16,3,Celius,24,1.447975136440755E9,95439
56,sensor-mac-letW0ioz7dC,30,41,17,Celius,12,1.447975136487926E9,96994
57,sensor-mac-likeVkfsqRzw,76,46,91,Celius,27,1.447975136532683E9,95032
58,sensor-mac-likely07t5tMu1,70,99,76,Celius,13,1.447975136581838E9,94785
59,sensor-mac-mayDv0Y5C1G,49,26,12,Celius,19,1.447975136627645E9,94571
60,sensor-mac-meVKBZTvOF,50,81,18,Celius,24,1.447975136679764E9,94846
61,sensor-mac-mightrwW12dMN,55,30,4,Celius,31,1.447975136728694E9,96228
62,sensor-mac-mostT7VDpZrF,67,56,85,Celius,19,1.44797513677871E9,95387
63,sensor-mac-mustdgureFSN,52,47,89,Celius,25,1.447975136827637E9,95554
64,sensor-mac-my4WHhKnop,86,91,22,Celius,22,1.447975136877063E9,94929
65,sensor-mac-neither1NvQjlLN,37,15,22,Celius,19,1.447975136925457E9,97024
66,sensor-mac-noSR6XIYmk,43,35,63,Celius,15,1.44797513697079E9,94806
67,sensor-mac-norMu52YN67,90,74,84,Celius,24,1.447975137018584E9,95250
68,sensor-mac-notW9NPP8Qa,39,89,17,Celius,24,1.447975137063539E9,95362
69,sensor-mac-ofL33TgQ6t,35,6,85,Celius,8,1.447975137109642E9,96168
70,sensor-mac-offchzpupwC,44,72,54,Celius,26,1.447975137156546E9,94826
71,sensor-mac-often24fafzpi,82,72,48,Celius,9,1.447975137434703E9,96099
72,sensor-mac-on6WfllfPB,81,51,52,Celius,27,1.447975137478898E9,96621
73,sensor-mac-onlyCknK2tL3,31,79,72,Celius,22,1.44797513752817E9,96425
74,sensor-mac-orgLj3xnLV,67,81,58,Celius,22,1.447975137577724E9,95442
75,sensor-mac-othery1tDn0DK,42,80,28,Celius,21,1.447975137629566E9,95064
76,sensor-mac-ourMitQNEe3,35,0,13,Celius,6,1.447975137677259E9,94717
77,sensor-mac-ownuMBekYZy,79,29,74,Celius,4,1.447975137725936E9,95096
78,sensor-mac-rathernaBcw8M3,99,51,51,Celius,23,1.447975138003922E9,95517
79,sensor-mac-saidDpN41wxS,99,91,82,Celius,18,1.447975138058134E9,95272
80,sensor-mac-sayEz6yQRQU,36,51,17,Celius,9,1.447975138338114E9,94602
81,sensor-mac-saysZ7pDhQo4,34,42,77,Celius,3,1.447975138386594E9,95535
82,sensor-mac-she3KGi9kOv,60,31,93,Celius,23,1.447975138433442E9,94996
83,sensor-mac-shouldT12182EA,33,95,99,Celius,24,1.447975138481221E9,96380
